name,landmass,zone,area,population,language,religion,bars,stripes,colours,red,green,blue,gold,white,black,orange,mainhue,circles,crosses,saltires,quarters,sunstars,crescent,triangle,icon,animate,text,topleft,botright
Afghanistan,"uncertain_animate - africa, asia, s.america",NE,s3_471_1210,s3_14_34,"uncertain_animate - chinese, slavic, spanish, other indo-eur, other","no_animate - catholic, hindu, muslim, others",0,s2_1_8,s3_4_up,1,1,0,1,1,1,0,green,0,0,0,0,1,0,0,1,0,0,black,green
Albania,Europe,NE,s1_below_30,s1_below_4,"uncertain_animate - chinese, slavic, spanish, other indo-eur, other","uncertain_animate - ethnic, marxist",0,s1_below_1,s2_2_4,1,0,0,1,0,1,0,red,0,0,0,0,1,0,0,0,1,0,red,red
Algeria,"uncertain_animate - africa, asia, s.america",NE,s4_1210_up,s3_14_34,"no_animate - arabic, French, German, Jap/Turk/Fin/Mag","no_animate - catholic, hindu, muslim, others",2,s1_below_1,s2_2_4,1,1,0,0,1,0,0,green,0,0,0,0,1,1,0,0,0,0,green,white
American-Samoa,"with_animate - n.america, oceania",SW,s1_below_30,s1_below_4,English,"with_animate - buddhist, other christian",0,s1_below_1,s3_4_up,1,0,1,1,1,0,1,blue,0,0,0,0,0,0,1,1,1,0,blue,red
Andorra,Europe,NE,s1_below_30,s1_below_4,"uncertain_animate - chinese, slavic, spanish, other indo-eur, other","no_animate - catholic, hindu, muslim, others",3,s1_below_1,s2_2_4,1,0,1,1,0,0,0,gold,0,0,0,0,0,0,0,0,0,0,blue,red
Angola,"uncertain_animate - africa, asia, s.america",SE,s4_1210_up,s2_4_14,"uncertain_animate - chinese, slavic, spanish, other indo-eur, other","uncertain_animate - ethnic, marxist",0,s2_1_8,s2_2_4,1,0,0,1,0,1,0,red,0,0,0,0,1,0,0,1,0,0,red,black
Anguilla,"with_animate - n.america, oceania",NW,s1_below_30,s1_below_4,English,"with_animate - buddhist, other christian",0,s1_below_1,s2_2_4,0,0,1,0,1,0,1,white,0,0,0,0,0,0,0,0,1,0,white,blue
Antigua-Barbuda,"with_animate - n.america, oceania",NW,s1_below_30,s1_below_4,English,"with_animate - buddhist, other christian",0,s1_below_1,s3_4_up,1,0,1,1,1,1,0,red,0,0,0,0,1,0,1,0,0,0,black,red
Argentina,"uncertain_animate - africa, asia, s.america",SW,s4_1210_up,s3_14_34,"uncertain_animate - chinese, slavic, spanish, other indo-eur, other","no_animate - catholic, hindu, muslim, others",0,s2_1_8,s1_below_2,0,0,1,0,1,0,0,blue,0,0,0,0,0,0,0,0,0,0,blue,blue
Argentine,"uncertain_animate - africa, asia, s.america",SW,s4_1210_up,s3_14_34,"uncertain_animate - chinese, slavic, spanish, other indo-eur, other","no_animate - catholic, hindu, muslim, others",0,s2_1_8,s2_2_4,0,0,1,1,1,0,0,blue,0,0,0,0,1,0,0,0,0,0,blue,blue
Australia,"with_animate - n.america, oceania",SE,s4_1210_up,s3_14_34,English,"with_animate - buddhist, other christian",0,s1_below_1,s2_2_4,1,0,1,0,1,0,0,blue,0,1,1,1,6,0,0,0,0,0,white,blue
Austria,Europe,NE,s2_30_471,s2_4_14,"no_animate - arabic, French, German, Jap/Turk/Fin/Mag","no_animate - catholic, hindu, muslim, others",0,s2_1_8,s1_below_2,1,0,0,0,1,0,0,red,0,0,0,0,0,0,0,0,0,0,red,red
Bahamas,"with_animate - n.america, oceania",NW,s1_below_30,s1_below_4,English,"with_animate - buddhist, other christian",0,s2_1_8,s2_2_4,0,0,1,1,0,1,0,blue,0,0,0,0,0,0,1,0,0,0,blue,blue
Bahrain,"uncertain_animate - africa, asia, s.america",NE,s1_below_30,s1_below_4,"no_animate - arabic, French, German, Jap/Turk/Fin/Mag","no_animate - catholic, hindu, muslim, others",0,s1_below_1,s1_below_2,1,0,0,0,1,0,0,red,0,0,0,0,0,0,0,0,0,0,white,red
Bangladesh,"uncertain_animate - africa, asia, s.america",NE,s2_30_471,s4_34_up,"uncertain_animate - chinese, slavic, spanish, other indo-eur, other","no_animate - catholic, hindu, muslim, others",0,s1_below_1,s1_below_2,1,1,0,0,0,0,0,green,1,0,0,0,0,0,0,0,0,0,green,green
Barbados,"with_animate - n.america, oceania",NW,s1_below_30,s1_below_4,English,"with_animate - buddhist, other christian",3,s1_below_1,s2_2_4,0,0,1,1,0,1,0,blue,0,0,0,0,0,0,0,1,0,0,blue,blue
Belgium,Europe,NE,s2_30_471,s2_4_14,"uncertain_animate - chinese, slavic, spanish, other indo-eur, other","no_animate - catholic, hindu, muslim, others",3,s1_below_1,s2_2_4,1,0,0,1,0,1,0,gold,0,0,0,0,0,0,0,0,0,0,black,red
Belize,"with_animate - n.america, oceania",NW,s1_below_30,s1_below_4,English,"with_animate - buddhist, other christian",0,s2_1_8,s3_4_up,1,1,1,1,1,1,1,blue,1,0,0,0,0,0,0,1,1,1,red,red
Benin,"uncertain_animate - africa, asia, s.america",NE,s2_30_471,s1_below_4,"no_animate - arabic, French, German, Jap/Turk/Fin/Mag","uncertain_animate - ethnic, marxist",0,s1_below_1,s1_below_2,1,1,0,0,0,0,0,green,0,0,0,0,1,0,0,0,0,0,green,green
Bermuda,"with_animate - n.america, oceania",NW,s1_below_30,s1_below_4,English,"with_animate - buddhist, other christian",0,s1_below_1,s3_4_up,1,1,1,1,1,1,0,red,1,1,1,1,0,0,0,1,1,0,white,red
Bhutan,"uncertain_animate - africa, asia, s.america",NE,s2_30_471,s1_below_4,"uncertain_animate - chinese, slavic, spanish, other indo-eur, other","with_animate - buddhist, other christian",0,s1_below_1,s2_2_4,1,0,0,0,1,1,1,orange,4,0,0,0,0,0,0,0,1,0,orange,red
Bolivia,"uncertain_animate - africa, asia, s.america",SW,s3_471_1210,s2_4_14,"uncertain_animate - chinese, slavic, spanish, other indo-eur, other","no_animate - catholic, hindu, muslim, others",0,s2_1_8,s2_2_4,1,1,0,1,0,0,0,red,0,0,0,0,0,0,0,0,0,0,red,green
Botswana,"uncertain_animate - africa, asia, s.america",SE,s3_471_1210,s1_below_4,"uncertain_animate - chinese, slavic, spanish, other indo-eur, other","uncertain_animate - ethnic, marxist",0,s2_1_8,s2_2_4,0,0,1,0,1,1,0,blue,0,0,0,0,0,0,0,0,0,0,blue,blue
Brazil,"uncertain_animate - africa, asia, s.america",SW,s4_1210_up,s4_34_up,"uncertain_animate - chinese, slavic, spanish, other indo-eur, other","no_animate - catholic, hindu, muslim, others",0,s1_below_1,s2_2_4,0,1,1,1,1,0,0,green,1,0,0,0,22,0,0,0,0,1,green,green
British-Virgin-Isles,"with_animate - n.america, oceania",NW,s1_below_30,s1_below_4,English,"with_animate - buddhist, other christian",0,s1_below_1,s3_4_up,1,1,1,1,1,0,1,blue,0,1,1,1,0,0,0,1,1,1,white,blue
Brunei,"uncertain_animate - africa, asia, s.america",NE,s1_below_30,s1_below_4,"uncertain_animate - chinese, slavic, spanish, other indo-eur, other","no_animate - catholic, hindu, muslim, others",0,s1_below_1,s2_2_4,1,0,0,1,1,1,0,gold,0,0,0,0,0,0,1,1,1,1,white,gold
Bulgaria,Europe,NE,s2_30_471,s2_4_14,"uncertain_animate - chinese, slavic, spanish, other indo-eur, other","uncertain_animate - ethnic, marxist",0,s2_1_8,s3_4_up,1,1,1,1,1,0,0,red,0,0,0,0,1,0,0,1,1,0,white,red
Burkina,"uncertain_animate - africa, asia, s.america",NW,s2_30_471,s2_4_14,"no_animate - arabic, French, German, Jap/Turk/Fin/Mag","uncertain_animate - ethnic, marxist",0,s2_1_8,s2_2_4,1,1,0,1,0,0,0,red,0,0,0,0,1,0,0,0,0,0,red,green
Burma,"uncertain_animate - africa, asia, s.america",NE,s3_471_1210,s4_34_up,"uncertain_animate - chinese, slavic, spanish, other indo-eur, other","with_animate - buddhist, other christian",0,s1_below_1,s2_2_4,1,0,1,0,1,0,0,red,0,0,0,1,14,0,0,1,1,0,blue,red
Burundi,"uncertain_animate - africa, asia, s.america",SE,s1_below_30,s1_below_4,"uncertain_animate - chinese, slavic, spanish, other indo-eur, other","uncertain_animate - ethnic, marxist",0,s1_below_1,s2_2_4,1,1,0,0,1,0,0,red,1,0,1,0,3,0,0,0,0,0,white,white
Cameroon,"uncertain_animate - africa, asia, s.america",NE,s3_471_1210,s2_4_14,"no_animate - arabic, French, German, Jap/Turk/Fin/Mag","with_animate - buddhist, other christian",3,s1_below_1,s2_2_4,1,1,0,1,0,0,0,gold,0,0,0,0,1,0,0,0,0,0,green,gold
Canada,"with_animate - n.america, oceania",NW,s4_1210_up,s3_14_34,English,"with_animate - buddhist, other christian",2,s1_below_1,s1_below_2,1,0,0,0,1,0,0,red,0,0,0,0,0,0,0,0,1,0,red,red
Cape-Verde-Islands,"uncertain_animate - africa, asia, s.america",NW,s1_below_30,s1_below_4,"uncertain_animate - chinese, slavic, spanish, other indo-eur, other","no_animate - catholic, hindu, muslim, others",1,s2_1_8,s3_4_up,1,1,0,1,0,1,1,gold,0,0,0,0,1,0,0,0,1,0,red,green
Cayman-Islands,"with_animate - n.america, oceania",NW,s1_below_30,s1_below_4,English,"with_animate - buddhist, other christian",0,s1_below_1,s3_4_up,1,1,1,1,1,0,1,blue,1,1,1,1,4,0,0,1,1,1,white,blue
Central-African-Republic,"uncertain_animate - africa, asia, s.america",NE,s3_471_1210,s1_below_4,"uncertain_animate - chinese, slavic, spanish, other indo-eur, other","uncertain_animate - ethnic, marxist",1,s1_below_1,s3_4_up,1,1,1,1,1,0,0,gold,0,0,0,0,1,0,0,0,0,0,blue,gold
Chad,"uncertain_animate - africa, asia, s.america",NE,s4_1210_up,s1_below_4,"no_animate - arabic, French, German, Jap/Turk/Fin/Mag","uncertain_animate - ethnic, marxist",3,s1_below_1,s2_2_4,1,0,1,1,0,0,0,gold,0,0,0,0,0,0,0,0,0,0,blue,red
Chile,"uncertain_animate - africa, asia, s.america",SW,s3_471_1210,s2_4_14,"uncertain_animate - chinese, slavic, spanish, other indo-eur, other","no_animate - catholic, hindu, muslim, others",0,s2_1_8,s2_2_4,1,0,1,0,1,0,0,red,0,0,0,1,1,0,0,0,0,0,blue,red
China,"uncertain_animate - africa, asia, s.america",NE,s4_1210_up,s4_34_up,"uncertain_animate - chinese, slavic, spanish, other indo-eur, other","uncertain_animate - ethnic, marxist",0,s1_below_1,s1_below_2,1,0,0,1,0,0,0,red,0,0,0,0,5,0,0,0,0,0,red,red
Colombia,"uncertain_animate - africa, asia, s.america",NW,s3_471_1210,s3_14_34,"uncertain_animate - chinese, slavic, spanish, other indo-eur, other","no_animate - catholic, hindu, muslim, others",0,s2_1_8,s2_2_4,1,0,1,1,0,0,0,gold,0,0,0,0,0,0,0,0,0,0,gold,red
Comorro-Islands,"uncertain_animate - africa, asia, s.america",SE,s1_below_30,s1_below_4,"no_animate - arabic, French, German, Jap/Turk/Fin/Mag","no_animate - catholic, hindu, muslim, others",0,s1_below_1,s1_below_2,0,1,0,0,1,0,0,green,0,0,0,0,4,1,0,0,0,0,green,green
Congo,"uncertain_animate - africa, asia, s.america",SE,s2_30_471,s1_below_4,"uncertain_animate - chinese, slavic, spanish, other indo-eur, other","uncertain_animate - ethnic, marxist",0,s1_below_1,s2_2_4,1,1,0,1,0,0,0,red,0,0,0,0,1,0,0,1,1,0,red,red
Cook-Islands,"with_animate - n.america, oceania",SW,s1_below_30,s1_below_4,English,"with_animate - buddhist, other christian",0,s1_below_1,s2_2_4,1,0,1,0,1,0,0,blue,1,1,1,1,15,0,0,0,0,0,white,blue
Costa-Rica,"with_animate - n.america, oceania",NW,s2_30_471,s1_below_4,"uncertain_animate - chinese, slavic, spanish, other indo-eur, other","no_animate - catholic, hindu, muslim, others",0,s2_1_8,s2_2_4,1,0,1,0,1,0,0,blue,0,0,0,0,0,0,0,0,0,0,blue,blue
Cuba,"with_animate - n.america, oceania",NW,s2_30_471,s2_4_14,"uncertain_animate - chinese, slavic, spanish, other indo-eur, other","uncertain_animate - ethnic, marxist",0,s2_1_8,s2_2_4,1,0,1,0,1,0,0,blue,0,0,0,0,1,0,1,0,0,0,blue,blue
Cyprus,Europe,NE,s1_below_30,s1_below_4,"uncertain_animate - chinese, slavic, spanish, other indo-eur, other","with_animate - buddhist, other christian",0,s1_below_1,s2_2_4,0,1,0,1,1,0,0,white,0,0,0,0,0,0,0,1,1,0,white,white
Czechoslovakia,Europe,NE,s2_30_471,s3_14_34,"uncertain_animate - chinese, slavic, spanish, other indo-eur, other","uncertain_animate - ethnic, marxist",0,s1_below_1,s2_2_4,1,0,1,0,1,0,0,white,0,0,0,0,0,0,1,0,0,0,white,red
Denmark,Europe,NE,s2_30_471,s2_4_14,"uncertain_animate - chinese, slavic, spanish, other indo-eur, other","with_animate - buddhist, other christian",0,s1_below_1,s1_below_2,1,0,0,0,1,0,0,red,0,1,0,0,0,0,0,0,0,0,red,red
Djibouti,"uncertain_animate - africa, asia, s.america",NE,s1_below_30,s1_below_4,"no_animate - arabic, French, German, Jap/Turk/Fin/Mag","no_animate - catholic, hindu, muslim, others",0,s1_below_1,s2_2_4,1,1,1,0,1,0,0,blue,0,0,0,0,1,0,1,0,0,0,white,green
Dominica,"with_animate - n.america, oceania",NW,s1_below_30,s1_below_4,English,"with_animate - buddhist, other christian",0,s1_below_1,s3_4_up,1,1,1,1,1,1,0,green,1,0,0,0,10,0,0,0,1,0,green,green
Dominican-Republic,"with_animate - n.america, oceania",NW,s2_30_471,s2_4_14,"uncertain_animate - chinese, slavic, spanish, other indo-eur, other","no_animate - catholic, hindu, muslim, others",0,s1_below_1,s2_2_4,1,0,1,0,1,0,0,blue,0,1,0,0,0,0,0,0,0,0,blue,blue
Ecuador,"uncertain_animate - africa, asia, s.america",SW,s2_30_471,s2_4_14,"uncertain_animate - chinese, slavic, spanish, other indo-eur, other","no_animate - catholic, hindu, muslim, others",0,s2_1_8,s2_2_4,1,0,1,1,0,0,0,gold,0,0,0,0,0,0,0,0,0,0,gold,red
Egypt,"uncertain_animate - africa, asia, s.america",NE,s3_471_1210,s4_34_up,"no_animate - arabic, French, German, Jap/Turk/Fin/Mag","no_animate - catholic, hindu, muslim, others",0,s2_1_8,s2_2_4,1,0,0,1,1,1,0,black,0,0,0,0,0,0,0,0,1,1,red,black
El-Salvador,"with_animate - n.america, oceania",NW,s1_below_30,s2_4_14,"uncertain_animate - chinese, slavic, spanish, other indo-eur, other","no_animate - catholic, hindu, muslim, others",0,s2_1_8,s1_below_2,0,0,1,0,1,0,0,blue,0,0,0,0,0,0,0,0,0,0,blue,blue
Equatorial-Guinea,"uncertain_animate - africa, asia, s.america",NE,s1_below_30,s1_below_4,"uncertain_animate - chinese, slavic, spanish, other indo-eur, other","uncertain_animate - ethnic, marxist",0,s2_1_8,s2_2_4,1,1,1,0,1,0,0,green,0,0,0,0,0,0,1,0,0,0,green,red
Ethiopia,"uncertain_animate - africa, asia, s.america",NE,s4_1210_up,s3_14_34,"uncertain_animate - chinese, slavic, spanish, other indo-eur, other","with_animate - buddhist, other christian",0,s2_1_8,s2_2_4,1,1,0,1,0,0,0,green,0,0,0,0,0,0,0,0,0,0,green,red
Faeroes,Europe,NW,s1_below_30,s1_below_4,"uncertain_animate - chinese, slavic, spanish, other indo-eur, other","with_animate - buddhist, other christian",0,s1_below_1,s2_2_4,1,0,1,0,1,0,0,white,0,1,0,0,0,0,0,0,0,0,white,white
Falklands-Malvinas,"uncertain_animate - africa, asia, s.america",SW,s1_below_30,s1_below_4,English,"with_animate - buddhist, other christian",0,s1_below_1,s3_4_up,1,1,1,1,1,0,0,blue,1,1,1,1,0,0,0,1,1,1,white,blue
Fiji,"with_animate - n.america, oceania",SE,s1_below_30,s1_below_4,English,"with_animate - buddhist, other christian",0,s1_below_1,s3_4_up,1,1,1,1,1,0,1,blue,0,2,1,1,0,0,0,1,1,0,white,blue
Finland,Europe,NE,s2_30_471,s2_4_14,"no_animate - arabic, French, German, Jap/Turk/Fin/Mag","with_animate - buddhist, other christian",0,s1_below_1,s1_below_2,0,0,1,0,1,0,0,white,0,1,0,0,0,0,0,0,0,0,white,white
France,Europe,NE,s3_471_1210,s4_34_up,"no_animate - arabic, French, German, Jap/Turk/Fin/Mag","no_animate - catholic, hindu, muslim, others",3,s1_below_1,s2_2_4,1,0,1,0,1,0,0,white,0,0,0,0,0,0,0,0,0,0,blue,red
French-Guiana,"uncertain_animate - africa, asia, s.america",NW,s2_30_471,s1_below_4,"no_animate - arabic, French, German, Jap/Turk/Fin/Mag","no_animate - catholic, hindu, muslim, others",3,s1_below_1,s2_2_4,1,0,1,0,1,0,0,white,0,0,0,0,0,0,0,0,0,0,blue,red
French-Polynesia,"with_animate - n.america, oceania",SW,s1_below_30,s1_below_4,"no_animate - arabic, French, German, Jap/Turk/Fin/Mag","no_animate - catholic, hindu, muslim, others",0,s2_1_8,s3_4_up,1,0,1,1,1,1,0,red,1,0,0,0,1,0,0,1,0,0,red,red
Gabon,"uncertain_animate - africa, asia, s.america",SE,s2_30_471,s1_below_4,"uncertain_animate - chinese, slavic, spanish, other indo-eur, other","uncertain_animate - ethnic, marxist",0,s2_1_8,s2_2_4,0,1,1,1,0,0,0,green,0,0,0,0,0,0,0,0,0,0,green,blue
Gambia,"uncertain_animate - africa, asia, s.america",NW,s1_below_30,s1_below_4,English,"uncertain_animate - ethnic, marxist",0,s2_1_8,s2_2_4,1,1,1,0,1,0,0,red,0,0,0,0,0,0,0,0,0,0,red,green
Germany-DDR,Europe,NE,s2_30_471,s3_14_34,"no_animate - arabic, French, German, Jap/Turk/Fin/Mag","uncertain_animate - ethnic, marxist",0,s2_1_8,s2_2_4,1,0,0,1,0,1,0,gold,0,0,0,0,0,0,0,1,0,0,black,gold
Germany-FRG,Europe,NE,s2_30_471,s4_34_up,"no_animate - arabic, French, German, Jap/Turk/Fin/Mag","with_animate - buddhist, other christian",0,s2_1_8,s2_2_4,1,0,0,1,0,1,0,black,0,0,0,0,0,0,0,0,0,0,black,gold
Ghana,"uncertain_animate - africa, asia, s.america",NW,s2_30_471,s2_4_14,English,"uncertain_animate - ethnic, marxist",0,s2_1_8,s2_2_4,1,1,0,1,0,1,0,red,0,0,0,0,1,0,0,0,0,0,red,green
Gibraltar,Europe,NW,s1_below_30,s1_below_4,English,"with_animate - buddhist, other christian",0,s1_below_1,s2_2_4,1,0,0,1,1,0,0,white,0,0,0,0,0,0,0,1,0,0,white,red
Greece,Europe,NE,s2_30_471,s2_4_14,"uncertain_animate - chinese, slavic, spanish, other indo-eur, other","with_animate - buddhist, other christian",0,s3_8_12,s1_below_2,0,0,1,0,1,0,0,blue,0,1,0,1,0,0,0,0,0,0,blue,blue
Greenland,"with_animate - n.america, oceania",NW,s4_1210_up,s1_below_4,"uncertain_animate - chinese, slavic, spanish, other indo-eur, other","with_animate - buddhist, other christian",0,s1_below_1,s1_below_2,1,0,0,0,1,0,0,white,1,0,0,0,0,0,0,0,0,0,white,red
Grenada,"with_animate - n.america, oceania",NW,s1_below_30,s1_below_4,English,"with_animate - buddhist, other christian",0,s1_below_1,s2_2_4,1,1,0,1,0,0,0,gold,1,0,0,0,7,0,1,0,1,0,red,red
Guam,"with_animate - n.america, oceania",NE,s1_below_30,s1_below_4,English,"with_animate - buddhist, other christian",0,s1_below_1,s3_4_up,1,1,1,1,1,0,1,blue,0,0,0,0,0,0,0,1,1,1,red,red
Guatemala,"with_animate - n.america, oceania",NW,s2_30_471,s2_4_14,"uncertain_animate - chinese, slavic, spanish, other indo-eur, other","no_animate - catholic, hindu, muslim, others",3,s1_below_1,s1_below_2,0,0,1,0,1,0,0,blue,0,0,0,0,0,0,0,0,0,0,blue,blue
Guinea,"uncertain_animate - africa, asia, s.america",NW,s2_30_471,s2_4_14,"no_animate - arabic, French, German, Jap/Turk/Fin/Mag","no_animate - catholic, hindu, muslim, others",3,s1_below_1,s2_2_4,1,1,0,1,0,0,0,gold,0,0,0,0,0,0,0,0,0,0,red,green
Guinea-Bissau,"uncertain_animate - africa, asia, s.america",NW,s2_30_471,s1_below_4,"uncertain_animate - chinese, slavic, spanish, other indo-eur, other","uncertain_animate - ethnic, marxist",1,s2_1_8,s2_2_4,1,1,0,1,0,1,0,gold,0,0,0,0,1,0,0,0,0,0,red,green
Guyana,"uncertain_animate - africa, asia, s.america",NW,s2_30_471,s1_below_4,English,"no_animate - catholic, hindu, muslim, others",0,s1_below_1,s3_4_up,1,1,0,1,1,1,0,green,0,0,0,0,0,0,1,0,0,0,black,green
Haiti,"with_animate - n.america, oceania",NW,s1_below_30,s2_4_14,"no_animate - arabic, French, German, Jap/Turk/Fin/Mag","no_animate - catholic, hindu, muslim, others",2,s1_below_1,s1_below_2,1,0,0,0,0,1,0,black,0,0,0,0,0,0,0,0,0,0,black,red
Honduras,"with_animate - n.america, oceania",NW,s2_30_471,s1_below_4,"uncertain_animate - chinese, slavic, spanish, other indo-eur, other","no_animate - catholic, hindu, muslim, others",0,s2_1_8,s1_below_2,0,0,1,0,1,0,0,blue,0,0,0,0,5,0,0,0,0,0,blue,blue
Hong-Kong,"uncertain_animate - africa, asia, s.america",NE,s1_below_30,s2_4_14,"uncertain_animate - chinese, slavic, spanish, other indo-eur, other","with_animate - buddhist, other christian",0,s1_below_1,s3_4_up,1,1,1,1,1,0,1,blue,1,1,1,1,0,0,0,1,1,1,white,blue
Hungary,Europe,NE,s2_30_471,s2_4_14,"no_animate - arabic, French, German, Jap/Turk/Fin/Mag","uncertain_animate - ethnic, marxist",0,s2_1_8,s2_2_4,1,1,0,0,1,0,0,red,0,0,0,0,0,0,0,0,0,0,red,green
Iceland,Europe,NW,s2_30_471,s1_below_4,"uncertain_animate - chinese, slavic, spanish, other indo-eur, other","with_animate - buddhist, other christian",0,s1_below_1,s2_2_4,1,0,1,0,1,0,0,blue,0,1,0,0,0,0,0,0,0,0,blue,blue
India,"uncertain_animate - africa, asia, s.america",NE,s4_1210_up,s4_34_up,"uncertain_animate - chinese, slavic, spanish, other indo-eur, other","no_animate - catholic, hindu, muslim, others",0,s2_1_8,s2_2_4,0,1,1,0,1,0,1,orange,1,0,0,0,0,0,0,1,0,0,orange,green
Indonesia,"with_animate - n.america, oceania",SE,s4_1210_up,s4_34_up,"uncertain_animate - chinese, slavic, spanish, other indo-eur, other","no_animate - catholic, hindu, muslim, others",0,s2_1_8,s1_below_2,1,0,0,0,1,0,0,red,0,0,0,0,0,0,0,0,0,0,red,white
Iran,"uncertain_animate - africa, asia, s.america",NE,s4_1210_up,s4_34_up,"uncertain_animate - chinese, slavic, spanish, other indo-eur, other","no_animate - catholic, hindu, muslim, others",0,s2_1_8,s2_2_4,1,1,0,0,1,0,0,red,0,0,0,0,0,0,0,1,0,1,green,red
Iraq,"uncertain_animate - africa, asia, s.america",NE,s2_30_471,s2_4_14,"no_animate - arabic, French, German, Jap/Turk/Fin/Mag","no_animate - catholic, hindu, muslim, others",0,s2_1_8,s2_2_4,1,1,0,0,1,1,0,red,0,0,0,0,3,0,0,0,0,0,red,black
Ireland,Europe,NW,s2_30_471,s1_below_4,English,"no_animate - catholic, hindu, muslim, others",3,s1_below_1,s2_2_4,0,1,0,0,1,0,1,white,0,0,0,0,0,0,0,0,0,0,green,orange
Israel,"uncertain_animate - africa, asia, s.america",NE,s1_below_30,s1_below_4,"uncertain_animate - chinese, slavic, spanish, other indo-eur, other","no_animate - catholic, hindu, muslim, others",0,s2_1_8,s1_below_2,0,0,1,0,1,0,0,white,0,0,0,0,1,0,0,0,0,0,blue,blue
Italy,Europe,NE,s2_30_471,s4_34_up,"uncertain_animate - chinese, slavic, spanish, other indo-eur, other","no_animate - catholic, hindu, muslim, others",3,s1_below_1,s2_2_4,1,1,0,0,1,0,0,white,0,0,0,0,0,0,0,0,0,0,green,red
Ivory-Coast,"uncertain_animate - africa, asia, s.america",NW,s2_30_471,s2_4_14,"no_animate - arabic, French, German, Jap/Turk/Fin/Mag","uncertain_animate - ethnic, marxist",3,s1_below_1,s2_2_4,1,1,0,0,1,0,0,white,0,0,0,0,0,0,0,0,0,0,red,green
Jamaica,"with_animate - n.america, oceania",NW,s1_below_30,s1_below_4,English,"with_animate - buddhist, other christian",0,s1_below_1,s2_2_4,0,1,0,1,0,1,0,green,0,0,1,0,0,0,1,0,0,0,gold,gold
Japan,"uncertain_animate - africa, asia, s.america",NE,s2_30_471,s4_34_up,"no_animate - arabic, French, German, Jap/Turk/Fin/Mag","no_animate - catholic, hindu, muslim, others",0,s1_below_1,s1_below_2,1,0,0,0,1,0,0,white,1,0,0,0,1,0,0,0,0,0,white,white
Jordan,"uncertain_animate - africa, asia, s.america",NE,s2_30_471,s1_below_4,"no_animate - arabic, French, German, Jap/Turk/Fin/Mag","no_animate - catholic, hindu, muslim, others",0,s2_1_8,s2_2_4,1,1,0,0,1,1,0,black,0,0,0,0,1,0,1,0,0,0,black,green
Kampuchea,"uncertain_animate - africa, asia, s.america",NE,s2_30_471,s2_4_14,"uncertain_animate - chinese, slavic, spanish, other indo-eur, other","with_animate - buddhist, other christian",0,s1_below_1,s1_below_2,1,0,0,1,0,0,0,red,0,0,0,0,0,0,0,1,0,0,red,red
Kenya,"uncertain_animate - africa, asia, s.america",NE,s3_471_1210,s3_14_34,"uncertain_animate - chinese, slavic, spanish, other indo-eur, other","uncertain_animate - ethnic, marxist",0,s2_1_8,s2_2_4,1,1,0,0,1,1,0,red,1,0,0,0,0,0,0,1,0,0,black,green
Kiribati,"with_animate - n.america, oceania",NE,s1_below_30,s1_below_4,English,"with_animate - buddhist, other christian",0,s1_below_1,s2_2_4,1,0,1,1,1,0,0,red,0,0,0,0,1,0,0,1,1,0,red,blue
Kuwait,"uncertain_animate - africa, asia, s.america",NE,s1_below_30,s1_below_4,"no_animate - arabic, French, German, Jap/Turk/Fin/Mag","no_animate - catholic, hindu, muslim, others",0,s2_1_8,s2_2_4,1,1,0,0,1,1,0,green,0,0,0,0,0,0,0,0,0,0,green,red
Laos,"uncertain_animate - africa, asia, s.america",NE,s2_30_471,s1_below_4,"uncertain_animate - chinese, slavic, spanish, other indo-eur, other","uncertain_animate - ethnic, marxist",0,s2_1_8,s2_2_4,1,0,1,0,1,0,0,red,1,0,0,0,0,0,0,0,0,0,red,red
Lebanon,"uncertain_animate - africa, asia, s.america",NE,s1_below_30,s1_below_4,"no_animate - arabic, French, German, Jap/Turk/Fin/Mag","no_animate - catholic, hindu, muslim, others",0,s2_1_8,s2_2_4,1,1,0,0,1,0,1,red,0,0,0,0,0,0,0,0,1,0,red,red
Lesotho,"uncertain_animate - africa, asia, s.america",SE,s2_30_471,s1_below_4,"uncertain_animate - chinese, slavic, spanish, other indo-eur, other","uncertain_animate - ethnic, marxist",2,s1_below_1,s2_2_4,1,1,1,0,1,0,0,blue,0,0,0,0,0,0,0,1,0,0,green,blue
Liberia,"uncertain_animate - africa, asia, s.america",NW,s2_30_471,s1_below_4,"uncertain_animate - chinese, slavic, spanish, other indo-eur, other","uncertain_animate - ethnic, marxist",0,s3_8_12,s2_2_4,1,0,1,0,1,0,0,red,0,0,0,1,1,0,0,0,0,0,blue,red
Libya,"uncertain_animate - africa, asia, s.america",NE,s4_1210_up,s1_below_4,"no_animate - arabic, French, German, Jap/Turk/Fin/Mag","no_animate - catholic, hindu, muslim, others",0,s1_below_1,s1_below_2,0,1,0,0,0,0,0,green,0,0,0,0,0,0,0,0,0,0,green,green
Liechtenstein,Europe,NE,s1_below_30,s1_below_4,"no_animate - arabic, French, German, Jap/Turk/Fin/Mag","no_animate - catholic, hindu, muslim, others",0,s2_1_8,s2_2_4,1,0,1,1,0,0,0,red,0,0,0,0,0,0,0,1,0,0,blue,red
Luxembourg,Europe,NE,s1_below_30,s1_below_4,"no_animate - arabic, French, German, Jap/Turk/Fin/Mag","no_animate - catholic, hindu, muslim, others",0,s2_1_8,s2_2_4,1,0,1,0,1,0,0,red,0,0,0,0,0,0,0,0,0,0,red,blue
Malagasy,"uncertain_animate - africa, asia, s.america",SE,s3_471_1210,s2_4_14,"uncertain_animate - chinese, slavic, spanish, other indo-eur, other","with_animate - buddhist, other christian",1,s2_1_8,s2_2_4,1,1,0,0,1,0,0,red,0,0,0,0,0,0,0,0,0,0,white,green
Malawi,"uncertain_animate - africa, asia, s.america",SE,s2_30_471,s2_4_14,"uncertain_animate - chinese, slavic, spanish, other indo-eur, other","uncertain_animate - ethnic, marxist",0,s2_1_8,s2_2_4,1,1,0,0,0,1,0,red,0,0,0,0,1,0,0,0,0,0,black,green
Malaysia,"uncertain_animate - africa, asia, s.america",NE,s2_30_471,s2_4_14,"uncertain_animate - chinese, slavic, spanish, other indo-eur, other","no_animate - catholic, hindu, muslim, others",0,s4_12_up,s2_2_4,1,0,1,1,1,0,0,red,0,0,0,1,1,1,0,0,0,0,blue,white
Maldive-Islands,"uncertain_animate - africa, asia, s.america",NE,s1_below_30,s1_below_4,"uncertain_animate - chinese, slavic, spanish, other indo-eur, other","no_animate - catholic, hindu, muslim, others",0,s1_below_1,s2_2_4,1,1,0,0,1,0,0,red,0,0,0,0,0,1,0,0,0,0,red,red
Mali,"uncertain_animate - africa, asia, s.america",NW,s4_1210_up,s2_4_14,"no_animate - arabic, French, German, Jap/Turk/Fin/Mag","no_animate - catholic, hindu, muslim, others",3,s1_below_1,s2_2_4,1,1,0,1,0,0,0,gold,0,0,0,0,0,0,0,0,0,0,green,red
Malta,Europe,NE,s1_below_30,s1_below_4,"uncertain_animate - chinese, slavic, spanish, other indo-eur, other","no_animate - catholic, hindu, muslim, others",2,s1_below_1,s2_2_4,1,0,0,0,1,1,0,red,0,1,0,0,0,0,0,1,0,0,white,red
Marianas,"with_animate - n.america, oceania",NE,s1_below_30,s1_below_4,"uncertain_animate - chinese, slavic, spanish, other indo-eur, other","with_animate - buddhist, other christian",0,s1_below_1,s2_2_4,0,0,1,0,1,0,0,blue,0,0,0,0,1,0,0,1,0,0,blue,blue
Mauritania,"uncertain_animate - africa, asia, s.america",NW,s3_471_1210,s1_below_4,"no_animate - arabic, French, German, Jap/Turk/Fin/Mag","no_animate - catholic, hindu, muslim, others",0,s1_below_1,s1_below_2,0,1,0,1,0,0,0,green,0,0,0,0,1,1,0,0,0,0,green,green
Mauritius,"uncertain_animate - africa, asia, s.america",SE,s1_below_30,s1_below_4,English,"no_animate - catholic, hindu, muslim, others",0,s2_1_8,s2_2_4,1,1,1,1,0,0,0,red,0,0,0,0,0,0,0,0,0,0,red,green
Mexico,"with_animate - n.america, oceania",NW,s4_1210_up,s4_34_up,"uncertain_animate - chinese, slavic, spanish, other indo-eur, other","no_animate - catholic, hindu, muslim, others",3,s1_below_1,s2_2_4,1,1,0,0,1,0,1,green,0,0,0,0,0,0,0,0,1,0,green,red
Micronesia,"with_animate - n.america, oceania",NE,s1_below_30,s1_below_4,"uncertain_animate - chinese, slavic, spanish, other indo-eur, other","with_animate - buddhist, other christian",0,s1_below_1,s1_below_2,0,0,1,0,1,0,0,blue,0,0,0,0,4,0,0,0,0,0,blue,blue
Monaco,Europe,NE,s1_below_30,s1_below_4,"no_animate - arabic, French, German, Jap/Turk/Fin/Mag","no_animate - catholic, hindu, muslim, others",0,s2_1_8,s1_below_2,1,0,0,0,1,0,0,red,0,0,0,0,0,0,0,0,0,0,red,white
Mongolia,"uncertain_animate - africa, asia, s.america",NE,s4_1210_up,s1_below_4,"uncertain_animate - chinese, slavic, spanish, other indo-eur, other","uncertain_animate - ethnic, marxist",3,s1_below_1,s2_2_4,1,0,1,1,0,0,0,red,2,0,0,0,1,1,1,1,0,0,red,red
Montserrat,"with_animate - n.america, oceania",NW,s1_below_30,s1_below_4,English,"with_animate - buddhist, other christian",0,s1_below_1,s3_4_up,1,1,1,1,1,1,0,blue,0,2,1,1,0,0,0,1,1,0,white,blue
Morocco,"uncertain_animate - africa, asia, s.america",NW,s2_30_471,s3_14_34,"no_animate - arabic, French, German, Jap/Turk/Fin/Mag","no_animate - catholic, hindu, muslim, others",0,s1_below_1,s1_below_2,1,1,0,0,0,0,0,red,0,0,0,0,1,0,0,0,0,0,red,red
Mozambique,"uncertain_animate - africa, asia, s.america",SE,s3_471_1210,s2_4_14,"uncertain_animate - chinese, slavic, spanish, other indo-eur, other","uncertain_animate - ethnic, marxist",0,s2_1_8,s3_4_up,1,1,0,1,1,1,0,gold,0,0,0,0,1,0,1,1,0,0,green,gold
Nauru,"with_animate - n.america, oceania",SE,s1_below_30,s1_below_4,"uncertain_animate - chinese, slavic, spanish, other indo-eur, other","with_animate - buddhist, other christian",0,s2_1_8,s2_2_4,0,0,1,1,1,0,0,blue,0,0,0,0,1,0,0,0,0,0,blue,blue
Nepal,"uncertain_animate - africa, asia, s.america",NE,s2_30_471,s3_14_34,"uncertain_animate - chinese, slavic, spanish, other indo-eur, other","no_animate - catholic, hindu, muslim, others",0,s1_below_1,s2_2_4,0,0,1,0,1,0,1,brown,0,0,0,0,2,1,0,0,0,0,blue,blue
Netherlands,Europe,NE,s2_30_471,s2_4_14,"uncertain_animate - chinese, slavic, spanish, other indo-eur, other","with_animate - buddhist, other christian",0,s2_1_8,s2_2_4,1,0,1,0,1,0,0,red,0,0,0,0,0,0,0,0,0,0,red,blue
Netherlands-Antilles,"with_animate - n.america, oceania",NW,s1_below_30,s1_below_4,"uncertain_animate - chinese, slavic, spanish, other indo-eur, other","with_animate - buddhist, other christian",0,s1_below_1,s2_2_4,1,0,1,0,1,0,0,white,0,0,0,0,6,0,0,0,0,0,white,white
New-Zealand,"with_animate - n.america, oceania",SE,s2_30_471,s1_below_4,English,"with_animate - buddhist, other christian",0,s1_below_1,s2_2_4,1,0,1,0,1,0,0,blue,0,1,1,1,4,0,0,0,0,0,white,blue
Nicaragua,"with_animate - n.america, oceania",NW,s2_30_471,s1_below_4,"uncertain_animate - chinese, slavic, spanish, other indo-eur, other","no_animate - catholic, hindu, muslim, others",0,s2_1_8,s1_below_2,0,0,1,0,1,0,0,blue,0,0,0,0,0,0,0,0,0,0,blue,blue
Niger,"uncertain_animate - africa, asia, s.america",NE,s4_1210_up,s2_4_14,"no_animate - arabic, French, German, Jap/Turk/Fin/Mag","no_animate - catholic, hindu, muslim, others",0,s2_1_8,s2_2_4,0,1,0,0,1,0,1,orange,1,0,0,0,0,0,0,0,0,0,orange,green
Nigeria,"uncertain_animate - africa, asia, s.america",NE,s3_471_1210,s4_34_up,"uncertain_animate - chinese, slavic, spanish, other indo-eur, other","no_animate - catholic, hindu, muslim, others",3,s1_below_1,s1_below_2,0,1,0,0,1,0,0,green,0,0,0,0,0,0,0,0,0,0,green,green
Niue,"with_animate - n.america, oceania",SW,s1_below_30,s1_below_4,English,"with_animate - buddhist, other christian",0,s1_below_1,s2_2_4,1,0,1,1,1,0,0,gold,1,1,1,1,5,0,0,0,0,0,white,gold
North-Korea,"uncertain_animate - africa, asia, s.america",NE,s2_30_471,s3_14_34,"uncertain_animate - chinese, slavic, spanish, other indo-eur, other","uncertain_animate - ethnic, marxist",0,s2_1_8,s2_2_4,1,0,1,0,1,0,0,blue,1,0,0,0,1,0,0,0,0,0,blue,blue
North-Yemen,"uncertain_animate - africa, asia, s.america",NE,s2_30_471,s2_4_14,"no_animate - arabic, French, German, Jap/Turk/Fin/Mag","no_animate - catholic, hindu, muslim, others",0,s2_1_8,s2_2_4,1,1,0,0,1,1,0,red,0,0,0,0,1,0,0,0,0,0,red,black
Norway,Europe,NE,s2_30_471,s1_below_4,"uncertain_animate - chinese, slavic, spanish, other indo-eur, other","with_animate - buddhist, other christian",0,s1_below_1,s2_2_4,1,0,1,0,1,0,0,red,0,1,0,0,0,0,0,0,0,0,red,red
Oman,"uncertain_animate - africa, asia, s.america",NE,s2_30_471,s1_below_4,"no_animate - arabic, French, German, Jap/Turk/Fin/Mag","no_animate - catholic, hindu, muslim, others",0,s2_1_8,s2_2_4,1,1,0,0,1,0,0,red,0,0,0,0,0,0,0,1,0,0,red,green
Pakistan,"uncertain_animate - africa, asia, s.america",NE,s3_471_1210,s4_34_up,"uncertain_animate - chinese, slavic, spanish, other indo-eur, other","no_animate - catholic, hindu, muslim, others",1,s1_below_1,s1_below_2,0,1,0,0,1,0,0,green,0,0,0,0,1,1,0,0,0,0,white,green
Panama,"uncertain_animate - africa, asia, s.america",NW,s2_30_471,s1_below_4,"uncertain_animate - chinese, slavic, spanish, other indo-eur, other","no_animate - catholic, hindu, muslim, others",0,s1_below_1,s2_2_4,1,0,1,0,1,0,0,red,0,0,0,4,2,0,0,0,0,0,white,white
Papua-New-Guinea,"with_animate - n.america, oceania",SE,s2_30_471,s1_below_4,English,"uncertain_animate - ethnic, marxist",0,s1_below_1,s2_2_4,1,0,0,1,1,1,0,black,0,0,0,0,5,0,1,0,1,0,red,black
Parguay,"uncertain_animate - africa, asia, s.america",SW,s2_30_471,s1_below_4,"uncertain_animate - chinese, slavic, spanish, other indo-eur, other","no_animate - catholic, hindu, muslim, others",0,s2_1_8,s3_4_up,1,1,1,1,1,1,0,red,1,0,0,0,1,0,0,1,1,1,red,blue
Peru,"uncertain_animate - africa, asia, s.america",SW,s4_1210_up,s2_4_14,"uncertain_animate - chinese, slavic, spanish, other indo-eur, other","no_animate - catholic, hindu, muslim, others",3,s1_below_1,s1_below_2,1,0,0,0,1,0,0,red,0,0,0,0,0,0,0,0,0,0,red,red
Philippines,"with_animate - n.america, oceania",NE,s2_30_471,s4_34_up,"uncertain_animate - chinese, slavic, spanish, other indo-eur, other","no_animate - catholic, hindu, muslim, others",0,s1_below_1,s2_2_4,1,0,1,1,1,0,0,blue,0,0,0,0,4,0,1,0,0,0,blue,red
Poland,Europe,NE,s2_30_471,s4_34_up,"uncertain_animate - chinese, slavic, spanish, other indo-eur, other","uncertain_animate - ethnic, marxist",0,s2_1_8,s1_below_2,1,0,0,0,1,0,0,white,0,0,0,0,0,0,0,0,0,0,white,red
Portugal,Europe,NW,s2_30_471,s2_4_14,"uncertain_animate - chinese, slavic, spanish, other indo-eur, other","no_animate - catholic, hindu, muslim, others",0,s1_below_1,s3_4_up,1,1,1,1,1,0,0,red,1,0,0,0,0,0,0,1,0,0,green,red
Puerto-Rico,"with_animate - n.america, oceania",NW,s1_below_30,s1_below_4,"uncertain_animate - chinese, slavic, spanish, other indo-eur, other","no_animate - catholic, hindu, muslim, others",0,s2_1_8,s2_2_4,1,0,1,0,1,0,0,red,0,0,0,0,1,0,1,0,0,0,red,red
Qatar,"uncertain_animate - africa, asia, s.america",NE,s1_below_30,s1_below_4,"no_animate - arabic, French, German, Jap/Turk/Fin/Mag","no_animate - catholic, hindu, muslim, others",0,s1_below_1,s1_below_2,0,0,0,0,1,0,1,brown,0,0,0,0,0,0,0,0,0,0,white,brown
Romania,Europe,NE,s2_30_471,s3_14_34,"uncertain_animate - chinese, slavic, spanish, other indo-eur, other","uncertain_animate - ethnic, marxist",3,s1_below_1,s3_4_up,1,1,1,1,1,0,1,red,0,0,0,0,2,0,0,1,1,1,blue,red
Rwanda,"uncertain_animate - africa, asia, s.america",SE,s1_below_30,s2_4_14,"uncertain_animate - chinese, slavic, spanish, other indo-eur, other","uncertain_animate - ethnic, marxist",3,s1_below_1,s2_2_4,1,1,0,1,0,1,0,red,0,0,0,0,0,0,0,0,0,1,red,green
San-Marino,Europe,NE,s1_below_30,s1_below_4,"uncertain_animate - chinese, slavic, spanish, other indo-eur, other","no_animate - catholic, hindu, muslim, others",0,s2_1_8,s1_below_2,0,0,1,0,1,0,0,white,0,0,0,0,0,0,0,0,0,0,white,blue
Sao-Tome,"uncertain_animate - africa, asia, s.america",NE,s1_below_30,s1_below_4,"uncertain_animate - chinese, slavic, spanish, other indo-eur, other","no_animate - catholic, hindu, muslim, others",0,s2_1_8,s2_2_4,1,1,0,1,0,1,0,green,0,0,0,0,2,0,1,0,0,0,green,green
Saudi-Arabia,"uncertain_animate - africa, asia, s.america",NE,s4_1210_up,s2_4_14,"no_animate - arabic, French, German, Jap/Turk/Fin/Mag","no_animate - catholic, hindu, muslim, others",0,s1_below_1,s1_below_2,0,1,0,0,1,0,0,green,0,0,0,0,0,0,0,1,0,1,green,green
Senegal,"uncertain_animate - africa, asia, s.america",NW,s2_30_471,s2_4_14,"no_animate - arabic, French, German, Jap/Turk/Fin/Mag","no_animate - catholic, hindu, muslim, others",3,s1_below_1,s2_2_4,1,1,0,1,0,0,0,green,0,0,0,0,1,0,0,0,0,0,green,red
Seychelles,"uncertain_animate - africa, asia, s.america",SE,s1_below_30,s1_below_4,English,"with_animate - buddhist, other christian",0,s1_below_1,s2_2_4,1,1,0,0,1,0,0,red,0,0,0,0,0,0,0,0,0,0,red,green
Sierra-Leone,"uncertain_animate - africa, asia, s.america",NW,s2_30_471,s1_below_4,English,"uncertain_animate - ethnic, marxist",0,s2_1_8,s2_2_4,0,1,1,0,1,0,0,green,0,0,0,0,0,0,0,0,0,0,green,blue
Singapore,"uncertain_animate - africa, asia, s.america",NE,s1_below_30,s1_below_4,"uncertain_animate - chinese, slavic, spanish, other indo-eur, other","with_animate - buddhist, other christian",0,s2_1_8,s1_below_2,1,0,0,0,1,0,0,white,0,0,0,0,5,1,0,0,0,0,red,white
Soloman-Islands,"with_animate - n.america, oceania",SE,s2_30_471,s1_below_4,English,"with_animate - buddhist, other christian",0,s1_below_1,s2_2_4,0,1,1,1,1,0,0,green,0,0,0,0,5,0,1,0,0,0,blue,green
Somalia,"uncertain_animate - africa, asia, s.america",NE,s3_471_1210,s2_4_14,"uncertain_animate - chinese, slavic, spanish, other indo-eur, other","no_animate - catholic, hindu, muslim, others",0,s1_below_1,s1_below_2,0,0,1,0,1,0,0,blue,0,0,0,0,1,0,0,0,0,0,blue,blue
South-Africa,"uncertain_animate - africa, asia, s.america",SE,s4_1210_up,s3_14_34,"uncertain_animate - chinese, slavic, spanish, other indo-eur, other","with_animate - buddhist, other christian",0,s2_1_8,s3_4_up,1,1,1,0,1,0,1,orange,0,1,1,0,0,0,0,0,0,0,orange,blue
South-Korea,"uncertain_animate - africa, asia, s.america",NE,s2_30_471,s4_34_up,"uncertain_animate - chinese, slavic, spanish, other indo-eur, other","no_animate - catholic, hindu, muslim, others",0,s1_below_1,s2_2_4,1,0,1,0,1,1,0,white,1,0,0,0,0,0,0,1,0,0,white,white
South-Yemen,"uncertain_animate - africa, asia, s.america",NE,s2_30_471,s1_below_4,"no_animate - arabic, French, German, Jap/Turk/Fin/Mag","no_animate - catholic, hindu, muslim, others",0,s2_1_8,s2_2_4,1,0,1,0,1,1,0,red,0,0,0,0,1,0,1,0,0,0,red,black
Spain,Europe,NW,s3_471_1210,s4_34_up,"uncertain_animate - chinese, slavic, spanish, other indo-eur, other","no_animate - catholic, hindu, muslim, others",0,s2_1_8,s1_below_2,1,0,0,1,0,0,0,red,0,0,0,0,0,0,0,0,0,0,red,red
Sri-Lanka,"uncertain_animate - africa, asia, s.america",NE,s2_30_471,s3_14_34,"uncertain_animate - chinese, slavic, spanish, other indo-eur, other","with_animate - buddhist, other christian",2,s1_below_1,s2_2_4,0,1,0,1,0,0,1,gold,0,0,0,0,0,0,0,1,1,0,gold,gold
St-Helena,"uncertain_animate - africa, asia, s.america",SW,s1_below_30,s1_below_4,English,"with_animate - buddhist, other christian",0,s1_below_1,s3_4_up,1,1,1,1,1,0,1,blue,0,1,1,1,0,0,0,1,0,0,white,blue
St-Kitts-Nevis,"with_animate - n.america, oceania",NW,s1_below_30,s1_below_4,English,"with_animate - buddhist, other christian",0,s1_below_1,s3_4_up,1,1,0,1,1,1,0,green,0,0,0,0,2,0,1,0,0,0,green,red
St-Lucia,"with_animate - n.america, oceania",NW,s1_below_30,s1_below_4,English,"with_animate - buddhist, other christian",0,s1_below_1,s2_2_4,0,0,1,1,1,1,0,blue,0,0,0,0,0,0,1,0,0,0,blue,blue
St-Vincent,"with_animate - n.america, oceania",NW,s1_below_30,s1_below_4,English,"with_animate - buddhist, other christian",5,s1_below_1,s2_2_4,0,1,1,1,1,0,0,green,0,0,0,0,0,0,0,1,1,1,blue,green
Sudan,"uncertain_animate - africa, asia, s.america",NE,s4_1210_up,s3_14_34,"no_animate - arabic, French, German, Jap/Turk/Fin/Mag","no_animate - catholic, hindu, muslim, others",0,s2_1_8,s2_2_4,1,1,0,0,1,1,0,red,0,0,0,0,0,0,1,0,0,0,red,black
Surinam,"uncertain_animate - africa, asia, s.america",NW,s2_30_471,s1_below_4,"uncertain_animate - chinese, slavic, spanish, other indo-eur, other","with_animate - buddhist, other christian",0,s2_1_8,s2_2_4,1,1,0,1,1,0,0,red,0,0,0,0,1,0,0,0,0,0,green,green
Swaziland,"uncertain_animate - africa, asia, s.america",SE,s1_below_30,s1_below_4,"uncertain_animate - chinese, slavic, spanish, other indo-eur, other","with_animate - buddhist, other christian",0,s2_1_8,s3_4_up,1,0,1,1,1,1,1,blue,0,0,0,0,0,0,0,1,0,0,blue,blue
Sweden,Europe,NE,s2_30_471,s2_4_14,"uncertain_animate - chinese, slavic, spanish, other indo-eur, other","with_animate - buddhist, other christian",0,s1_below_1,s1_below_2,0,0,1,1,0,0,0,blue,0,1,0,0,0,0,0,0,0,0,blue,blue
Switzerland,Europe,NE,s2_30_471,s2_4_14,"no_animate - arabic, French, German, Jap/Turk/Fin/Mag","with_animate - buddhist, other christian",0,s1_below_1,s1_below_2,1,0,0,0,1,0,0,red,0,1,0,0,0,0,0,0,0,0,red,red
Syria,"uncertain_animate - africa, asia, s.america",NE,s2_30_471,s2_4_14,"no_animate - arabic, French, German, Jap/Turk/Fin/Mag","no_animate - catholic, hindu, muslim, others",0,s2_1_8,s2_2_4,1,1,0,0,1,1,0,red,0,0,0,0,2,0,0,0,0,0,red,black
Taiwan,"uncertain_animate - africa, asia, s.america",NE,s2_30_471,s3_14_34,"uncertain_animate - chinese, slavic, spanish, other indo-eur, other","with_animate - buddhist, other christian",0,s1_below_1,s2_2_4,1,0,1,0,1,0,0,red,1,0,0,1,1,0,0,0,0,0,blue,red
Tanzania,"uncertain_animate - africa, asia, s.america",SE,s3_471_1210,s3_14_34,"uncertain_animate - chinese, slavic, spanish, other indo-eur, other","uncertain_animate - ethnic, marxist",0,s1_below_1,s2_2_4,0,1,1,1,0,1,0,green,0,0,0,0,0,0,1,0,0,0,green,blue
Thailand,"uncertain_animate - africa, asia, s.america",NE,s3_471_1210,s4_34_up,"uncertain_animate - chinese, slavic, spanish, other indo-eur, other","with_animate - buddhist, other christian",0,s2_1_8,s2_2_4,1,0,1,0,1,0,0,red,0,0,0,0,0,0,0,0,0,0,red,red
Togo,"uncertain_animate - africa, asia, s.america",NE,s2_30_471,s1_below_4,"no_animate - arabic, French, German, Jap/Turk/Fin/Mag","no_animate - catholic, hindu, muslim, others",0,s2_1_8,s2_2_4,1,1,0,1,1,0,0,green,0,0,0,1,1,0,0,0,0,0,red,green
Tonga,"with_animate - n.america, oceania",SE,s1_below_30,s1_below_4,"uncertain_animate - chinese, slavic, spanish, other indo-eur, other","with_animate - buddhist, other christian",0,s1_below_1,s1_below_2,1,0,0,0,1,0,0,red,0,1,0,1,0,0,0,0,0,0,white,red
Trinidad-Tobago,"uncertain_animate - africa, asia, s.america",NW,s1_below_30,s1_below_4,English,"with_animate - buddhist, other christian",0,s1_below_1,s2_2_4,1,0,0,0,1,1,0,red,0,0,0,0,0,0,1,0,0,0,white,white
Tunisia,"uncertain_animate - africa, asia, s.america",NE,s2_30_471,s2_4_14,"no_animate - arabic, French, German, Jap/Turk/Fin/Mag","no_animate - catholic, hindu, muslim, others",0,s1_below_1,s1_below_2,1,0,0,0,1,0,0,red,1,0,0,0,1,1,0,0,0,0,red,red
Turkey,"uncertain_animate - africa, asia, s.america",NE,s3_471_1210,s4_34_up,"no_animate - arabic, French, German, Jap/Turk/Fin/Mag","no_animate - catholic, hindu, muslim, others",0,s1_below_1,s1_below_2,1,0,0,0,1,0,0,red,0,0,0,0,1,1,0,0,0,0,red,red
Turks-Cocos-Islands,"with_animate - n.america, oceania",NW,s1_below_30,s1_below_4,English,"with_animate - buddhist, other christian",0,s1_below_1,s3_4_up,1,1,1,1,1,0,1,blue,0,1,1,1,0,0,0,1,1,0,white,blue
Tuvalu,"with_animate - n.america, oceania",SE,s1_below_30,s1_below_4,English,"with_animate - buddhist, other christian",0,s1_below_1,s3_4_up,1,0,1,1,1,0,0,blue,0,1,1,1,9,0,0,0,0,0,white,blue
UAE,"uncertain_animate - africa, asia, s.america",NE,s2_30_471,s1_below_4,"no_animate - arabic, French, German, Jap/Turk/Fin/Mag","no_animate - catholic, hindu, muslim, others",1,s2_1_8,s2_2_4,1,1,0,0,1,1,0,green,0,0,0,0,0,0,0,0,0,0,red,black
Uganda,"uncertain_animate - africa, asia, s.america",NE,s2_30_471,s2_4_14,"uncertain_animate - chinese, slavic, spanish, other indo-eur, other","uncertain_animate - ethnic, marxist",0,s2_1_8,s3_4_up,1,0,0,1,1,1,0,gold,1,0,0,0,0,0,0,0,1,0,black,red
UK,Europe,NW,s2_30_471,s4_34_up,English,"with_animate - buddhist, other christian",0,s1_below_1,s2_2_4,1,0,1,0,1,0,0,red,0,1,1,0,0,0,0,0,0,0,white,red
Uruguay,"uncertain_animate - africa, asia, s.america",SW,s2_30_471,s1_below_4,"uncertain_animate - chinese, slavic, spanish, other indo-eur, other","no_animate - catholic, hindu, muslim, others",0,s3_8_12,s2_2_4,0,0,1,1,1,0,0,white,0,0,0,1,1,0,0,0,0,0,white,white
US-Virgin-Isles,"with_animate - n.america, oceania",NW,s1_below_30,s1_below_4,English,"with_animate - buddhist, other christian",0,s1_below_1,s3_4_up,1,1,1,1,1,0,0,white,0,0,0,0,0,0,0,1,1,1,white,white
USA,"with_animate - n.america, oceania",NW,s4_1210_up,s4_34_up,English,"with_animate - buddhist, other christian",0,s4_12_up,s2_2_4,1,0,1,0,1,0,0,white,0,0,0,1,50,0,0,0,0,0,blue,red
USSR,"uncertain_animate - africa, asia, s.america",NE,s4_1210_up,s4_34_up,"uncertain_animate - chinese, slavic, spanish, other indo-eur, other","uncertain_animate - ethnic, marxist",0,s1_below_1,s1_below_2,1,0,0,1,0,0,0,red,0,0,0,0,1,0,0,1,0,0,red,red
Vanuatu,"with_animate - n.america, oceania",SE,s1_below_30,s1_below_4,"uncertain_animate - chinese, slavic, spanish, other indo-eur, other","with_animate - buddhist, other christian",0,s1_below_1,s2_2_4,1,1,0,1,0,1,0,red,0,0,0,0,0,0,1,0,1,0,black,green
Vatican-City,Europe,NE,s1_below_30,s1_below_4,"uncertain_animate - chinese, slavic, spanish, other indo-eur, other","no_animate - catholic, hindu, muslim, others",2,s1_below_1,s2_2_4,1,0,0,1,1,1,0,gold,0,0,0,0,0,0,0,1,0,0,gold,white
Venezuela,"uncertain_animate - africa, asia, s.america",NW,s3_471_1210,s3_14_34,"uncertain_animate - chinese, slavic, spanish, other indo-eur, other","no_animate - catholic, hindu, muslim, others",0,s2_1_8,s3_4_up,1,1,1,1,1,1,1,red,0,0,0,0,7,0,0,1,1,0,gold,red
Vietnam,"uncertain_animate - africa, asia, s.america",NE,s2_30_471,s4_34_up,"uncertain_animate - chinese, slavic, spanish, other indo-eur, other","uncertain_animate - ethnic, marxist",0,s1_below_1,s1_below_2,1,0,0,1,0,0,0,red,0,0,0,0,1,0,0,0,0,0,red,red
Western-Samoa,"with_animate - n.america, oceania",SW,s1_below_30,s1_below_4,English,"with_animate - buddhist, other christian",0,s1_below_1,s2_2_4,1,0,1,0,1,0,0,red,0,0,0,1,5,0,0,0,0,0,blue,red
Yugoslavia,Europe,NE,s2_30_471,s3_14_34,"uncertain_animate - chinese, slavic, spanish, other indo-eur, other","uncertain_animate - ethnic, marxist",0,s2_1_8,s2_2_4,1,0,1,1,1,0,0,red,0,0,0,0,1,0,0,0,0,0,blue,red
Zaire,"uncertain_animate - africa, asia, s.america",SE,s3_471_1210,s3_14_34,"uncertain_animate - chinese, slavic, spanish, other indo-eur, other","uncertain_animate - ethnic, marxist",0,s1_below_1,s2_2_4,1,1,0,1,0,0,1,green,1,0,0,0,0,0,0,1,1,0,green,green
Zambia,"uncertain_animate - africa, asia, s.america",SE,s3_471_1210,s2_4_14,"uncertain_animate - chinese, slavic, spanish, other indo-eur, other","uncertain_animate - ethnic, marxist",3,s1_below_1,s2_2_4,1,1,0,0,0,1,1,green,0,0,0,0,0,0,0,0,1,0,green,brown
Zimbabwe,"uncertain_animate - africa, asia, s.america",SE,s2_30_471,s2_4_14,"uncertain_animate - chinese, slavic, spanish, other indo-eur, other","uncertain_animate - ethnic, marxist",0,s2_1_8,s3_4_up,1,1,0,1,1,1,0,green,0,0,0,0,1,0,1,1,1,0,green,green
